Title,Handle,Vendor,Type,Tags,Variant Price,Variant Compare At Price,Variant SKU,Variant Inventory Qty,Variant Weight,Image Src,Body (HTML),Collection,Badge
Ayrah,ayrah,NEWDS.CO,Jewellery,"Rings, New Arrivals",549,,ND-AYRAH,50,20,https://newds.co.in/wp-content/uploads/2026/09/06723C39-E0F8-474E-A2BC-E87CEBD55DBB-300x300.png,"<p>Ayrah — 18K gold plated, 316L stainless steel. Anti-tarnish, waterproof, sweat-proof, hypoallergenic.</p>",Rings,New
Salvia,salvia,NEWDS.CO,Jewellery,"Rings, Best Sellers",649,,ND-SALVIA,50,20,https://newds.co.in/wp-content/uploads/2026/09/0BBD8EB3-95B9-4C45-B9D3-FB2D399E0766-300x300.png,"<p>Salvia — 18K gold plated, 316L stainless steel. Anti-tarnish, waterproof, sweat-proof, hypoallergenic.</p>",Rings,Best Seller
Leon,leon,NEWDS.CO,Jewellery,"Rings, New Arrivals",599,,ND-LEON,50,20,https://newds.co.in/wp-content/uploads/2026/09/0F805622-2CAB-4318-AEAD-A0511BD14EA5-300x300.png,"<p>Leon — 18K gold plated, 316L stainless steel. Anti-tarnish, waterproof, sweat-proof, hypoallergenic.</p>",Rings,New
Lenin,lenin,NEWDS.CO,Jewellery,Rings,499,,ND-LENIN,50,20,https://newds.co.in/wp-content/uploads/2026/09/169EF90A-33C7-47CA-80BB-AA2CF1561ACF-300x300.png,"<p>Lenin — 18K gold plated, 316L stainless steel. Anti-tarnish, waterproof, sweat-proof, hypoallergenic.</p>",Rings,
Cera,cera,NEWDS.CO,Jewellery,Rings,529,,ND-CERA,50,20,https://newds.co.in/wp-content/uploads/2026/09/2E5F2F57-AAFA-4BCA-B9B5-AB68EA95041F-300x300.png,"<p>Cera — 18K gold plated, 316L stainless steel. Anti-tarnish, waterproof, sweat-proof, hypoallergenic.</p>",Rings,
Eliz,eliz,NEWDS.CO,Jewellery,"Earring, New Arrivals",449,,ND-ELIZ,50,20,https://newds.co.in/wp-content/uploads/2026/09/3786FDFF-51E9-4F87-8D36-A3ABC9556FE2-300x300.png,"<p>Eliz — 18K gold plated, 316L stainless steel. Anti-tarnish, waterproof, sweat-proof, hypoallergenic.</p>",Earring,New
Fabin,fabin,NEWDS.CO,Jewellery,Earring,399,,ND-FABIN,50,20,https://newds.co.in/wp-content/uploads/2026/09/3D78E2FB-F288-4795-9B30-1524AA9C21D1-300x300.png,"<p>Fabin — 18K gold plated, 316L stainless steel. Anti-tarnish, waterproof, sweat-proof, hypoallergenic.</p>",Earring,
Felin,felin,NEWDS.CO,Jewellery,"Earring, Best Sellers",479,,ND-FELIN,50,20,https://newds.co.in/wp-content/uploads/2026/09/50E4CF25-D92B-4A1A-92D1-587E3B40D0FC-300x300.png,"<p>Felin — 18K gold plated, 316L stainless steel. Anti-tarnish, waterproof, sweat-proof, hypoallergenic.</p>",Earring,Best Seller
Kenza,kenza,NEWDS.CO,Jewellery,"Neck Chains, New Arrivals",799,,ND-KENZA,50,20,https://newds.co.in/wp-content/uploads/2026/09/514168E6-FC74-4AE1-9127-4774255260A0-300x300.png,"<p>Kenza — 18K gold plated, 316L stainless steel. Anti-tarnish, waterproof, sweat-proof, hypoallergenic.</p>",Neck Chains,New
Zimran,zimran,NEWDS.CO,Jewellery,Neck Chains,749,,ND-ZIMRAN,50,20,https://newds.co.in/wp-content/uploads/2026/09/6A3950D4-250E-4AE6-A0D5-C36B6BA68135-300x300.png,"<p>Zimran — 18K gold plated, 316L stainless steel. Anti-tarnish, waterproof, sweat-proof, hypoallergenic.</p>",Neck Chains,
Neora,neora,NEWDS.CO,Jewellery,"Neck Chains, Best Sellers",849,,ND-NEORA,50,20,https://newds.co.in/wp-content/uploads/2026/06/1ECC9F1D-C4BC-47BF-8F6F-109C520467AF-300x300.png,"<p>Neora — 18K gold plated, 316L stainless steel. Anti-tarnish, waterproof, sweat-proof, hypoallergenic.</p>",Neck Chains,Best Seller
Evie,evie,NEWDS.CO,Jewellery,"Bracelets, Best Sellers",649,,ND-EVIE,50,20,https://newds.co.in/wp-content/uploads/2026/06/4B1CE001-4A9D-4C00-A6E7-82CBEEC868AD-300x300.png,"<p>Evie — 18K gold plated, 316L stainless steel. Anti-tarnish, waterproof, sweat-proof, hypoallergenic.</p>",Bracelets,Best Seller
Alaia,alaia,NEWDS.CO,Jewellery,"Bracelets, Best Sellers",599,,ND-ALAIA,50,20,https://newds.co.in/wp-content/uploads/2026/06/5774EA35-6AB2-4FB7-9461-50B83E616FA7-300x300.png,"<p>Alaia — 18K gold plated, 316L stainless steel. Anti-tarnish, waterproof, sweat-proof, hypoallergenic.</p>",Bracelets,Best Seller
Nitara,nitara,NEWDS.CO,Jewellery,Bracelets,549,,ND-NITARA,50,20,https://newds.co.in/wp-content/uploads/2026/06/68D25F5C-E156-4CED-B9F1-ADB8BA5DD696-300x300.png,"<p>Nitara — 18K gold plated, 316L stainless steel. Anti-tarnish, waterproof, sweat-proof, hypoallergenic.</p>",Bracelets,
Lilian,lilian,NEWDS.CO,Jewellery,"Wrist Bands, Best Sellers",499,,ND-LILIAN,50,20,https://newds.co.in/wp-content/uploads/2026/06/6AA5564F-5A25-4BA4-83F7-A5E613DCA707-300x300.png,"<p>Lilian — 18K gold plated, 316L stainless steel. Anti-tarnish, waterproof, sweat-proof, hypoallergenic.</p>",Wrist Bands,Best Seller
Violet,violet,NEWDS.CO,Jewellery,Wrist Bands,479,,ND-VIOLET,50,20,https://newds.co.in/wp-content/uploads/2026/06/7647C9B6-0DF6-4816-B16F-5915CC7E8829-300x300.png,"<p>Violet — 18K gold plated, 316L stainless steel. Anti-tarnish, waterproof, sweat-proof, hypoallergenic.</p>",Wrist Bands,
Alexandra,alexandra,NEWDS.CO,Jewellery,"Anklets, Best Sellers",449,,ND-ALEXANDRA,50,20,https://newds.co.in/wp-content/uploads/2026/06/8FF6A689-B4FE-4425-88A0-A186897B304F-300x300.png,"<p>Alexandra — 18K gold plated, 316L stainless steel. Anti-tarnish, waterproof, sweat-proof, hypoallergenic.</p>",Anklets,Best Seller
Rosabella,rosabella,NEWDS.CO,Jewellery,Anklets,429,,ND-ROSABELLA,50,20,https://newds.co.in/wp-content/uploads/2026/06/AACCEE3C-C135-4FD1-88B0-E2E46B0D5C86-300x300.png,"<p>Rosabella — 18K gold plated, 316L stainless steel. Anti-tarnish, waterproof, sweat-proof, hypoallergenic.</p>",Anklets,
Iza,iza,NEWDS.CO,Jewellery,"Earring, New Arrivals",459,,ND-IZA,50,20,https://newds.co.in/wp-content/uploads/2026/06/00BF8F34-70EA-4ED7-91D0-C3AE20ABFB03-300x300.png,"<p>Iza — 18K gold plated, 316L stainless steel. Anti-tarnish, waterproof, sweat-proof, hypoallergenic.</p>",Earring,New
